hand_type,seen_games,winner_games,winner_game_rate,total_player_uses,total_winner_uses
FLUSH,120,108,0.9,1558,714
FOUR_OF_A_KIND,41,27,0.658537,57,34
FULL_HOUSE,119,112,0.941176,759,396
HIGH_CARD,82,54,0.658537,180,86
PAIR,119,113,0.94958,1291,671
STRAIGHT,117,104,0.888889,773,378
STRAIGHT_FLUSH,71,40,0.56338,143,62
THREE_OF_A_KIND,108,88,0.814815,306,177
TWO_PAIR,120,114,0.95,1215,623
